{
  "categories": [
    {
      "category_name": "Smartphones",
      "products": [
        {
          "product_name": "iPhone 15 Pro",
          "price": 75000,
          "description": "Powerful A17 chip with 48MP camera.",
          "image_url": "iphone15.jpg"
        },
        {
          "product_name": "Samsung Galaxy S24",
          "price": 60000,
          "description": "Dynamic AMOLED 2X with Snapdragon 8 Gen 3.",
          "image_url": "s24.jpg"
        },
        {
          "product_name": "Google Pixel 8",
          "price": 55000,
          "description": "Google Tensor G3 with AI-powered photography.",
          "image_url": "pixel8.jpg"
        },
        {
          "product_name": "OnePlus 12",
          "price": 52000,
          "description": "Fast performance with 120Hz AMOLED display.",
          "image_url": "oneplus12.jpg"
        },
        {
          "product_name": "Xiaomi 13 Pro",
          "price": 50000,
          "description": "Leica-powered camera and fast charging.",
          "image_url": "xiaomi13pro.jpg"
        }
      ]
    },
    {
      "category_name": "Smartwatches",
      "products": [
        {
          "product_name": "Apple Watch Ultra 2",
          "price": 50000,
          "description": "Rugged titanium case with precision GPS.",
          "image_url": "applewatchultra.jpg"
        },
        {
          "product_name": "Samsung Galaxy Watch 6",
          "price": 22000,
          "description": "Super AMOLED display with health tracking.",
          "image_url": "galaxywatch6.jpg"
        },
        {
          "product_name": "Garmin Fenix 7",
          "price": 40000,
          "description": "Multi-sport GPS watch with solar charging.",
          "image_url": "garminfenix7.jpg"
        },
        {
          "product_name": "Fitbit Sense 2",
          "price": 18000,
          "description": "Advanced health monitoring and sleep tracking.",
          "image_url": "fitbitsense2.jpg"
        },
        {
          "product_name": "Amazfit GTR 4",
          "price": 15000,
          "description": "Long battery life with built-in GPS.",
          "image_url": "amazfitgtr4.jpg"
        }
      ]
    },
    {
      "category_name": "Laptops",
      "products": [
        {
          "product_name": "MacBook Pro 16",
          "price": 120000,
          "description": "M3 Pro chip with Liquid Retina XDR display.",
          "image_url": "macbookpro16.jpg"
        },
        {
          "product_name": "Dell XPS 15",
          "price": 95000,
          "description": "Powerful performance with OLED touchscreen.",
          "image_url": "dellxps15.jpg"
        },
        {
          "product_name": "ASUS ROG Zephyrus G14",
          "price": 85000,
          "description": "Gaming laptop with Ryzen 9 processor.",
          "image_url": "rogzephyrusg14.jpg"
        }
      ]
    }
  ]
}
